segmento_origen,segmento_destino,transicion,usuarios
Medium User,Medium User,2026-04 → 2026-05,35.616
Medium User,Heavy User,2026-04 → 2026-05,12.065
Heavy User,Light User,2026-04 → 2026-05,14.928
VIP User,Medium User,2026-04 → 2026-05,1.133
Heavy User,VIP User,2026-04 → 2026-05,1.889
Defecting User,Suscripción cancelada,2026-04 → 2026-05,2
Heavy User,Defecting User,2026-04 → 2026-05,913
Suscripción cancelada,Heavy User,2026-04 → 2026-05,5
Heavy User,Medium User,2026-04 → 2026-05,9.483
Registered Non-Buyer,Medium User,2026-04 → 2026-05,2.195
Medium User,Light User,2026-04 → 2026-05,10.728
Registered Non-Buyer,Light User,2026-04 → 2026-05,4.203
VIP User,Defecting User,2026-04 → 2026-05,84
VIP User,Light User,2026-04 → 2026-05,2.702
Medium User,Defecting User,2026-04 → 2026-05,9.865
Suscripción cancelada,Light User,2026-04 → 2026-05,6
Medium User,Suscripción cancelada,2026-04 → 2026-05,2
Registered Non-Buyer,VIP User,2026-04 → 2026-05,127
Defecting User,Medium User,2026-04 → 2026-05,8.045
VIP User,VIP User,2026-04 → 2026-05,18.467
Light User,Medium User,2026-04 → 2026-05,11.403
Light User,Suscripción cancelada,2026-04 → 2026-05,6
Defecting User,Defecting User,2026-04 → 2026-05,223.938
VIP User,Heavy User,2026-04 → 2026-05,1.213
Defecting User,Heavy User,2026-04 → 2026-05,1.134
Suscripción cancelada,Defecting User,2026-04 → 2026-05,3
Light User,Heavy User,2026-04 → 2026-05,12.775
Medium User,VIP User,2026-04 → 2026-05,1.782
Defecting User,Light User,2026-04 → 2026-05,13.583
Light User,Light User,2026-04 → 2026-05,99.924
Defecting User,VIP User,2026-04 → 2026-05,169
Heavy User,Suscripción cancelada,2026-04 → 2026-05,4
Registered Non-Buyer,Registered Non-Buyer,2026-04 → 2026-05,251.960
Heavy User,Heavy User,2026-04 → 2026-05,34.595
Light User,VIP User,2026-04 → 2026-05,3.783
Light User,Defecting User,2026-04 → 2026-05,18.981
Registered Non-Buyer,Heavy User,2026-04 → 2026-05,686
Suscripción cancelada,Suscripción cancelada,2026-04 → 2026-05,72.846
Defecting User,Suscripción cancelada,2026-03 → 2026-04,3
VIP User,Heavy User,2026-03 → 2026-04,1.313
Light User,Heavy User,2026-03 → 2026-04,13.156
Heavy User,Defecting User,2026-03 → 2026-04,1.667
Defecting User,Heavy User,2026-03 → 2026-04,857
Registered Non-Buyer,Heavy User,2026-03 → 2026-04,594
Suscripción cancelada,Medium User,2026-03 → 2026-04,2
Heavy User,Medium User,2026-03 → 2026-04,10.664
Defecting User,Defecting User,2026-03 → 2026-04,209.584
Light User,Medium User,2026-03 → 2026-04,10.498
VIP User,VIP User,2026-03 → 2026-04,17.422
Suscripción cancelada,Heavy User,2026-03 → 2026-04,4
Heavy User,Heavy User,2026-03 → 2026-04,33.418
Medium User,Light User,2026-03 → 2026-04,11.311
Medium User,Defecting User,2026-03 → 2026-04,12.356
VIP User,Medium User,2026-03 → 2026-04,1.222
Registered Non-Buyer,VIP User,2026-03 → 2026-04,81
Light User,VIP User,2026-03 → 2026-04,3.042
Suscripción cancelada,Light User,2026-03 → 2026-04,6
Heavy User,VIP User,2026-03 → 2026-04,1.378
Suscripción cancelada,Defecting User,2026-03 → 2026-04,2
Light User,Light User,2026-03 → 2026-04,93.450
Heavy User,Suscripción cancelada,2026-03 → 2026-04,6
Light User,Suscripción cancelada,2026-03 → 2026-04,4
Light User,Defecting User,2026-03 → 2026-04,23.110
VIP User,Light User,2026-03 → 2026-04,2.699
Medium User,VIP User,2026-03 → 2026-04,1.305
Defecting User,VIP User,2026-03 → 2026-04,107
Medium User,Medium User,2026-03 → 2026-04,33.680
Registered Non-Buyer,Medium User,2026-03 → 2026-04,2.102
Medium User,Suscripción cancelada,2026-03 → 2026-04,1
Heavy User,Light User,2026-03 → 2026-04,14.643
Defecting User,Light User,2026-03 → 2026-04,11.224
VIP User,Defecting User,2026-03 → 2026-04,152
Registered Non-Buyer,Light User,2026-03 → 2026-04,4.237
Medium User,Heavy User,2026-03 → 2026-04,10.956
Defecting User,Medium User,2026-03 → 2026-04,6.435
Registered Non-Buyer,Registered Non-Buyer,2026-03 → 2026-04,243.585
Suscripción cancelada,Suscripción cancelada,2026-03 → 2026-04,72.161
VIP User,Defecting User,2026-02 → 2026-03,133
Registered Non-Buyer,Light User,2026-02 → 2026-03,5.122
Heavy User,Defecting User,2026-02 → 2026-03,1.087
Heavy User,Suscripción cancelada,2026-02 → 2026-03,5
Defecting User,Defecting User,2026-02 → 2026-03,196.445
Registered Non-Buyer,VIP User,2026-02 → 2026-03,135
Defecting User,Light User,2026-02 → 2026-03,11.483
Registered Non-Buyer,Medium User,2026-02 → 2026-03,2.724
Defecting User,VIP User,2026-02 → 2026-03,111
Suscripción cancelada,Medium User,2026-02 → 2026-03,1
Medium User,Heavy User,2026-02 → 2026-03,11.841
VIP User,Light User,2026-02 → 2026-03,2.734
Heavy User,Medium User,2026-02 → 2026-03,9.510
Light User,Light User,2026-02 → 2026-03,90.939
Medium User,Suscripción cancelada,2026-02 → 2026-03,1
Medium User,Medium User,2026-02 → 2026-03,33.509
Heavy User,Light User,2026-02 → 2026-03,15.162
Light User,Defecting User,2026-02 → 2026-03,18.687
Suscripción cancelada,Suscripción cancelada,2026-02 → 2026-03,71.255
Medium User,VIP User,2026-02 → 2026-03,1.515
Light User,Suscripción cancelada,2026-02 → 2026-03,6
Suscripción cancelada,Heavy User,2026-02 → 2026-03,6
Defecting User,Suscripción cancelada,2026-02 → 2026-03,2
Medium User,Defecting User,2026-02 → 2026-03,11.855
Defecting User,Heavy User,2026-02 → 2026-03,1.036
Heavy User,Heavy User,2026-02 → 2026-03,32.953
Heavy User,VIP User,2026-02 → 2026-03,1.421
Light User,Medium User,2026-02 → 2026-03,11.197
VIP User,Medium User,2026-02 → 2026-03,1.174
VIP User,VIP User,2026-02 → 2026-03,16.239
Suscripción cancelada,Defecting User,2026-02 → 2026-03,3
VIP User,Heavy User,2026-02 → 2026-03,1.356
Medium User,Light User,2026-02 → 2026-03,10.500
Suscripción cancelada,Light User,2026-02 → 2026-03,4
Light User,VIP User,2026-02 → 2026-03,3.136
Light User,Heavy User,2026-02 → 2026-03,12.680
Registered Non-Buyer,Registered Non-Buyer,2026-02 → 2026-03,236.633
Defecting User,Medium User,2026-02 → 2026-03,6.796
Registered Non-Buyer,Heavy User,2026-02 → 2026-03,789
Defecting User,Light User,2026-01 → 2026-02,10.730
Light User,Suscripción cancelada,2026-01 → 2026-02,8
Registered Non-Buyer,Registered Non-Buyer,2026-01 → 2026-02,231.311
Medium User,Medium User,2026-01 → 2026-02,37.804
VIP User,Defecting User,2026-01 → 2026-02,74
Medium User,Heavy User,2026-01 → 2026-02,12.004
Medium User,VIP User,2026-01 → 2026-02,1.505
Defecting User,VIP User,2026-01 → 2026-02,78
Registered Non-Buyer,Light User,2026-01 → 2026-02,4.615
Defecting User,Medium User,2026-01 → 2026-02,6.196
Registered Non-Buyer,Heavy User,2026-01 → 2026-02,593
VIP User,Heavy User,2026-01 → 2026-02,1.076
VIP User,Light User,2026-01 → 2026-02,2.235
Suscripción cancelada,Defecting User,2026-01 → 2026-02,2
Registered Non-Buyer,VIP User,2026-01 → 2026-02,86
VIP User,Suscripción cancelada,2026-01 → 2026-02,1
VIP User,VIP User,2026-01 → 2026-02,15.466
Suscripción cancelada,Light User,2026-01 → 2026-02,6
VIP User,Medium User,2026-01 → 2026-02,902
Light User,Defecting User,2026-01 → 2026-02,14.836
Defecting User,Heavy User,2026-01 → 2026-02,762
Heavy User,VIP User,2026-01 → 2026-02,1.429
Heavy User,Heavy User,2026-01 → 2026-02,32.969
Medium User,Suscripción cancelada,2026-01 → 2026-02,1
Light User,VIP User,2026-01 → 2026-02,2.949
Light User,Heavy User,2026-01 → 2026-02,12.059
Registered Non-Buyer,Medium User,2026-01 → 2026-02,2.131
Medium User,Light User,2026-01 → 2026-02,8.558
Heavy User,Suscripción cancelada,2026-01 → 2026-02,3
Heavy User,Light User,2026-01 → 2026-02,13.970
Suscripción cancelada,Medium User,2026-01 → 2026-02,1
Heavy User,Defecting User,2026-01 → 2026-02,797
Light User,Light User,2026-01 → 2026-02,90.676
Defecting User,Defecting User,2026-01 → 2026-02,192.331
Light User,Medium User,2026-01 → 2026-02,10.364
Defecting User,Suscripción cancelada,2026-01 → 2026-02,1
Medium User,Defecting User,2026-01 → 2026-02,7.833
Heavy User,Medium User,2026-01 → 2026-02,8.284
Suscripción cancelada,Heavy User,2026-01 → 2026-02,5
Suscripción cancelada,Suscripción cancelada,2026-01 → 2026-02,70.173
VIP User,Defecting User,2025-12 → 2026-01,110
Suscripción cancelada,Defecting User,2025-12 → 2026-01,1
Medium User,Light User,2025-12 → 2026-01,8.679
Light User,Medium User,2025-12 → 2026-01,11.084
Suscripción cancelada,Heavy User,2025-12 → 2026-01,3
Defecting User,Suscripción cancelada,2025-12 → 2026-01,2
Defecting User,VIP User,2025-12 → 2026-01,201
Defecting User,Defecting User,2025-12 → 2026-01,182.632
Light User,Light User,2025-12 → 2026-01,78.128
Medium User,Defecting User,2025-12 → 2026-01,6.382
Defecting User,Heavy User,2025-12 → 2026-01,2.041
Defecting User,Light User,2025-12 → 2026-01,13.396
Medium User,Medium User,2025-12 → 2026-01,29.915
Medium User,Heavy User,2025-12 → 2026-01,11.391
Registered Non-Buyer,Heavy User,2025-12 → 2026-01,2.132
Heavy User,Medium User,2025-12 → 2026-01,8.184
VIP User,VIP User,2025-12 → 2026-01,14.096
VIP User,Heavy User,2025-12 → 2026-01,1.154
Suscripción cancelada,VIP User,2025-12 → 2026-01,1
Light User,VIP User,2025-12 → 2026-01,2.252
Suscripción cancelada,Suscripción cancelada,2025-12 → 2026-01,68.787
VIP User,Light User,2025-12 → 2026-01,2.998
Defecting User,Medium User,2025-12 → 2026-01,8.679
Registered Non-Buyer,Registered Non-Buyer,2025-12 → 2026-01,222.843
Registered Non-Buyer,Medium User,2025-12 → 2026-01,4.626
Suscripción cancelada,Medium User,2025-12 → 2026-01,1
Registered Non-Buyer,VIP User,2025-12 → 2026-01,253
Light User,Heavy User,2025-12 → 2026-01,11.542
Heavy User,Light User,2025-12 → 2026-01,12.809
Light User,Suscripción cancelada,2025-12 → 2026-01,10
Heavy User,Suscripción cancelada,2025-12 → 2026-01,2
Suscripción cancelada,Light User,2025-12 → 2026-01,8
Light User,Defecting User,2025-12 → 2026-01,20.062
Heavy User,VIP User,2025-12 → 2026-01,1.158
Heavy User,Defecting User,2025-12 → 2026-01,911
VIP User,Medium User,2025-12 → 2026-01,852
Heavy User,Heavy User,2025-12 → 2026-01,28.134
Medium User,VIP User,2025-12 → 2026-01,1.583
Registered Non-Buyer,Light User,2025-12 → 2026-01,7.878
Light User,Medium User,2025-11 → 2025-12,9.884
Light User,Suscripción cancelada,2025-11 → 2025-12,4
Heavy User,Defecting User,2025-11 → 2025-12,875
Suscripción cancelada,Light User,2025-11 → 2025-12,10
Light User,Defecting User,2025-11 → 2025-12,18.700
Defecting User,Light User,2025-11 → 2025-12,8.927
Medium User,Suscripción cancelada,2025-11 → 2025-12,2
VIP User,Medium User,2025-11 → 2025-12,1.153
Suscripción cancelada,Suscripción cancelada,2025-11 → 2025-12,66.559
Heavy User,VIP User,2025-11 → 2025-12,1.174
Heavy User,Medium User,2025-11 → 2025-12,7.912
Heavy User,Light User,2025-11 → 2025-12,11.625
Medium User,Medium User,2025-11 → 2025-12,25.299
Heavy User,Suscripción cancelada,2025-11 → 2025-12,3
Registered Non-Buyer,Medium User,2025-11 → 2025-12,2.094
Medium User,Heavy User,2025-11 → 2025-12,8.672
Registered Non-Buyer,Registered Non-Buyer,2025-11 → 2025-12,213.385
VIP User,Defecting User,2025-11 → 2025-12,117
Suscripción cancelada,Heavy User,2025-11 → 2025-12,2
Light User,Light User,2025-11 → 2025-12,78.635
Registered Non-Buyer,Heavy User,2025-11 → 2025-12,477
Suscripción cancelada,Defecting User,2025-11 → 2025-12,2
Medium User,Defecting User,2025-11 → 2025-12,10.070
Defecting User,Defecting User,2025-11 → 2025-12,177.187
VIP User,Light User,2025-11 → 2025-12,2.763
Defecting User,VIP User,2025-11 → 2025-12,90
Light User,VIP User,2025-11 → 2025-12,2.151
Light User,Heavy User,2025-11 → 2025-12,11.321
VIP User,VIP User,2025-11 → 2025-12,14.233
Defecting User,Medium User,2025-11 → 2025-12,5.968
Medium User,VIP User,2025-11 → 2025-12,1.243
Medium User,Light User,2025-11 → 2025-12,9.746
Registered Non-Buyer,Light User,2025-11 → 2025-12,3.415
VIP User,Heavy User,2025-11 → 2025-12,1.319
Defecting User,Heavy User,2025-11 → 2025-12,639
Defecting User,Suscripción cancelada,2025-11 → 2025-12,5
Heavy User,Heavy User,2025-11 → 2025-12,27.816
Registered Non-Buyer,VIP User,2025-11 → 2025-12,79
Heavy User,VIP User,2025-10 → 2025-11,970
Suscripción cancelada,Defecting User,2025-10 → 2025-11,5
Registered Non-Buyer,Heavy User,2025-10 → 2025-11,494
Medium User,Light User,2025-10 → 2025-11,8.183
VIP User,Heavy User,2025-10 → 2025-11,1.466
Light User,Light User,2025-10 → 2025-11,81.908
Medium User,Defecting User,2025-10 → 2025-11,5.447
Medium User,Suscripción cancelada,2025-10 → 2025-11,1
Registered Non-Buyer,Light User,2025-10 → 2025-11,3.297
Heavy User,Defecting User,2025-10 → 2025-11,1.099
Defecting User,Defecting User,2025-10 → 2025-11,163.675
Suscripción cancelada,Light User,2025-10 → 2025-11,4
VIP User,Defecting User,2025-10 → 2025-11,174
Light User,Defecting User,2025-10 → 2025-11,22.415
VIP User,Medium User,2025-10 → 2025-11,1.280
Medium User,VIP User,2025-10 → 2025-11,1.210
VIP User,VIP User,2025-10 → 2025-11,15.197
Defecting User,Suscripción cancelada,2025-10 → 2025-11,6
Medium User,Heavy User,2025-10 → 2025-11,8.296
Defecting User,Light User,2025-10 → 2025-11,7.817
Defecting User,Heavy User,2025-10 → 2025-11,518
Registered Non-Buyer,Registered Non-Buyer,2025-10 → 2025-11,202.834
Defecting User,Medium User,2025-10 → 2025-11,4.403
Registered Non-Buyer,Medium User,2025-10 → 2025-11,1.741
Heavy User,Medium User,2025-10 → 2025-11,8.524
Heavy User,Suscripción cancelada,2025-10 → 2025-11,3
Registered Non-Buyer,VIP User,2025-10 → 2025-11,75
Light User,Suscripción cancelada,2025-10 → 2025-11,4
Suscripción cancelada,Suscripción cancelada,2025-10 → 2025-11,65.097
VIP User,Light User,2025-10 → 2025-11,3.014
Heavy User,Heavy User,2025-10 → 2025-11,27.120
Suscripción cancelada,Medium User,2025-10 → 2025-11,2
Suscripción cancelada,Heavy User,2025-10 → 2025-11,3
Light User,Medium User,2025-10 → 2025-11,9.475
Heavy User,Light User,2025-10 → 2025-11,10.850
Defecting User,VIP User,2025-10 → 2025-11,70
Light User,Heavy User,2025-10 → 2025-11,10.693
Light User,VIP User,2025-10 → 2025-11,1.902
Medium User,Medium User,2025-10 → 2025-11,26.129
Medium User,Defecting User,2025-09 → 2025-10,10.393
Registered Non-Buyer,Registered Non-Buyer,2025-09 → 2025-10,193.745
Defecting User,Medium User,2025-09 → 2025-10,3.077
Registered Non-Buyer,Heavy User,2025-09 → 2025-10,571
Light User,Medium User,2025-09 → 2025-10,8.996
Defecting User,Light User,2025-09 → 2025-10,8.904
VIP User,VIP User,2025-09 → 2025-10,16.062
Suscripción cancelada,Heavy User,2025-09 → 2025-10,3
Registered Non-Buyer,Medium User,2025-09 → 2025-10,1.581
Medium User,VIP User,2025-09 → 2025-10,1.329
Light User,Light User,2025-09 → 2025-10,79.410
Light User,Heavy User,2025-09 → 2025-10,11.467
VIP User,Light User,2025-09 → 2025-10,3.277
Heavy User,VIP User,2025-09 → 2025-10,1.155
Defecting User,VIP User,2025-09 → 2025-10,65
VIP User,Medium User,2025-09 → 2025-10,1.455
Suscripción cancelada,Defecting User,2025-09 → 2025-10,6
Medium User,Light User,2025-09 → 2025-10,10.672
Light User,Defecting User,2025-09 → 2025-10,18.434
Heavy User,Defecting User,2025-09 → 2025-10,1.458
Heavy User,Medium User,2025-09 → 2025-10,8.471
VIP User,Heavy User,2025-09 → 2025-10,1.373
Heavy User,Heavy User,2025-09 → 2025-10,25.623
Light User,VIP User,2025-09 → 2025-10,2.300
Medium User,Heavy User,2025-09 → 2025-10,8.153
VIP User,Defecting User,2025-09 → 2025-10,181
Heavy User,Suscripción cancelada,2025-09 → 2025-10,3
Defecting User,Suscripción cancelada,2025-09 → 2025-10,5
Registered Non-Buyer,Light User,2025-09 → 2025-10,4.494
Heavy User,Light User,2025-09 → 2025-10,11.541
Suscripción cancelada,Suscripción cancelada,2025-09 → 2025-10,63.583
Defecting User,Heavy User,2025-09 → 2025-10,504
Registered Non-Buyer,VIP User,2025-09 → 2025-10,102
Medium User,Medium User,2025-09 → 2025-10,23.053
Suscripción cancelada,Medium User,2025-09 → 2025-10,1
Light User,Suscripción cancelada,2025-09 → 2025-10,6
Defecting User,Defecting User,2025-09 → 2025-10,146.017
Suscripción cancelada,Light User,2025-09 → 2025-10,4
Defecting User,Defecting User,2025-08 → 2025-09,134.487
VIP User,Light User,2025-08 → 2025-09,2.392
VIP User,Defecting User,2025-08 → 2025-09,91
Defecting User,Medium User,2025-08 → 2025-09,4.485
Defecting User,Heavy User,2025-08 → 2025-09,446
Medium User,Light User,2025-08 → 2025-09,9.229
Registered Non-Buyer,VIP User,2025-08 → 2025-09,68
Registered Non-Buyer,Registered Non-Buyer,2025-08 → 2025-09,181.772
Suscripción cancelada,Defecting User,2025-08 → 2025-09,5
Registered Non-Buyer,Medium User,2025-08 → 2025-09,1.677
Heavy User,Light User,2025-08 → 2025-09,10.839
Heavy User,Heavy User,2025-08 → 2025-09,26.896
VIP User,Heavy User,2025-08 → 2025-09,1.118
Medium User,VIP User,2025-08 → 2025-09,1.382
Light User,VIP User,2025-08 → 2025-09,2.431
Medium User,Medium User,2025-08 → 2025-09,24.524
Medium User,Heavy User,2025-08 → 2025-09,7.130
Defecting User,Light User,2025-08 → 2025-09,7.652
Suscripción cancelada,Light User,2025-08 → 2025-09,6
Registered Non-Buyer,Light User,2025-08 → 2025-09,3.282
Suscripción cancelada,Suscripción cancelada,2025-08 → 2025-09,61.852
Light User,Suscripción cancelada,2025-08 → 2025-09,7
Light User,Medium User,2025-08 → 2025-09,8.841
Heavy User,Defecting User,2025-08 → 2025-09,811
Medium User,Suscripción cancelada,2025-08 → 2025-09,1
Heavy User,Suscripción cancelada,2025-08 → 2025-09,2
Suscripción cancelada,Heavy User,2025-08 → 2025-09,3
Registered Non-Buyer,Heavy User,2025-08 → 2025-09,403
Medium User,Defecting User,2025-08 → 2025-09,8.148
Light User,Heavy User,2025-08 → 2025-09,11.324
Defecting User,Suscripción cancelada,2025-08 → 2025-09,4
Light User,Defecting User,2025-08 → 2025-09,15.029
Heavy User,Medium User,2025-08 → 2025-09,8.251
Light User,Light User,2025-08 → 2025-09,78.907
VIP User,VIP User,2025-08 → 2025-09,16.902
Heavy User,VIP User,2025-08 → 2025-09,1.361
VIP User,Medium User,2025-08 → 2025-09,972
Defecting User,VIP User,2025-08 → 2025-09,63
Heavy User,Suscripción cancelada,2025-07 → 2025-08,2
Defecting User,Medium User,2025-07 → 2025-08,2.236
Suscripción cancelada,Heavy User,2025-07 → 2025-08,2
Heavy User,Light User,2025-07 → 2025-08,10.389
Registered Non-Buyer,Medium User,2025-07 → 2025-08,1.364
Heavy User,Medium User,2025-07 → 2025-08,8.343
Medium User,VIP User,2025-07 → 2025-08,1.639
Medium User,Light User,2025-07 → 2025-08,7.967
Light User,Heavy User,2025-07 → 2025-08,10.626
Suscripción cancelada,Light User,2025-07 → 2025-08,7
Heavy User,Defecting User,2025-07 → 2025-08,786
Registered Non-Buyer,VIP User,2025-07 → 2025-08,202
Medium User,Heavy User,2025-07 → 2025-08,8.434
Suscripción cancelada,Defecting User,2025-07 → 2025-08,4
Registered Non-Buyer,Registered Non-Buyer,2025-07 → 2025-08,168.179
Defecting User,VIP User,2025-07 → 2025-08,84
Defecting User,Heavy User,2025-07 → 2025-08,500
Medium User,Defecting User,2025-07 → 2025-08,7.295
Light User,Light User,2025-07 → 2025-08,71.659
VIP User,Medium User,2025-07 → 2025-08,854
Light User,VIP User,2025-07 → 2025-08,2.878
VIP User,Defecting User,2025-07 → 2025-08,90
Suscripción cancelada,Suscripción cancelada,2025-07 → 2025-08,60.080
Medium User,Medium User,2025-07 → 2025-08,27.163
VIP User,Heavy User,2025-07 → 2025-08,1.117
Light User,Medium User,2025-07 → 2025-08,7.457
Heavy User,Heavy User,2025-07 → 2025-08,25.912
Defecting User,Light User,2025-07 → 2025-08,8.686
Registered Non-Buyer,Suscripción cancelada,2025-07 → 2025-08,1
VIP User,VIP User,2025-07 → 2025-08,14.876
Registered Non-Buyer,Light User,2025-07 → 2025-08,4.601
Defecting User,Suscripción cancelada,2025-07 → 2025-08,2
Defecting User,Defecting User,2025-07 → 2025-08,126.638
Heavy User,VIP User,2025-07 → 2025-08,1.547
VIP User,Light User,2025-07 → 2025-08,2.719
Suscripción cancelada,Medium User,2025-07 → 2025-08,1
Light User,Suscripción cancelada,2025-07 → 2025-08,7
Registered Non-Buyer,Heavy User,2025-07 → 2025-08,640
Light User,Defecting User,2025-07 → 2025-08,12.324
Medium User,Suscripción cancelada,2025-07 → 2025-08,2
Light User,Suscripción cancelada,2025-06 → 2025-07,5
Light User,Defecting User,2025-06 → 2025-07,9.914
Medium User,Defecting User,2025-06 → 2025-07,6.011
Light User,Light User,2025-06 → 2025-07,63.750
Defecting User,Medium User,2025-06 → 2025-07,4.579
Medium User,Suscripción cancelada,2025-06 → 2025-07,1
Suscripción cancelada,Heavy User,2025-06 → 2025-07,2
Registered Non-Buyer,Heavy User,2025-06 → 2025-07,858
Registered Non-Buyer,Suscripción cancelada,2025-06 → 2025-07,1
Defecting User,Light User,2025-06 → 2025-07,7.368
Defecting User,Heavy User,2025-06 → 2025-07,722
Suscripción cancelada,Suscripción cancelada,2025-06 → 2025-07,57.660
Heavy User,Defecting User,2025-06 → 2025-07,630
Medium User,Medium User,2025-06 → 2025-07,24.533
VIP User,Heavy User,2025-06 → 2025-07,1.054
VIP User,VIP User,2025-06 → 2025-07,13.572
Heavy User,VIP User,2025-06 → 2025-07,1.433
Heavy User,Suscripción cancelada,2025-06 → 2025-07,4
Suscripción cancelada,Light User,2025-06 → 2025-07,7
Registered Non-Buyer,Light User,2025-06 → 2025-07,4.090
Defecting User,Defecting User,2025-06 → 2025-07,121.518
Medium User,Light User,2025-06 → 2025-07,7.106
Heavy User,Heavy User,2025-06 → 2025-07,23.659
Suscripción cancelada,Registered Non-Buyer,2025-06 → 2025-07,1
Light User,VIP User,2025-06 → 2025-07,2.479
VIP User,Medium User,2025-06 → 2025-07,686
Registered Non-Buyer,Medium User,2025-06 → 2025-07,2.438
Medium User,Heavy User,2025-06 → 2025-07,9.632
Light User,Medium User,2025-06 → 2025-07,8.614
Registered Non-Buyer,Registered Non-Buyer,2025-06 → 2025-07,150.405
Defecting User,Suscripción cancelada,2025-06 → 2025-07,3
Defecting User,VIP User,2025-06 → 2025-07,101
Light User,Heavy User,2025-06 → 2025-07,9.579
VIP User,Light User,2025-06 → 2025-07,2.759
Suscripción cancelada,Medium User,2025-06 → 2025-07,2
Suscripción cancelada,Defecting User,2025-06 → 2025-07,2
Heavy User,Light User,2025-06 → 2025-07,11.101
Heavy User,Medium User,2025-06 → 2025-07,6.057
Registered Non-Buyer,VIP User,2025-06 → 2025-07,166
VIP User,Defecting User,2025-06 → 2025-07,71
Medium User,VIP User,2025-06 → 2025-07,1.602
Defecting User,Defecting User,2025-05 → 2025-06,118.091
Medium User,Light User,2025-05 → 2025-06,6.075
Suscripción cancelada,Suscripción cancelada,2025-05 → 2025-06,54.797
Heavy User,VIP User,2025-05 → 2025-06,1.056
Suscripción cancelada,Registered Non-Buyer,2025-05 → 2025-06,1
Medium User,Heavy User,2025-05 → 2025-06,8.070
Medium User,VIP User,2025-05 → 2025-06,1.027
Medium User,Suscripción cancelada,2025-05 → 2025-06,2
Light User,Medium User,2025-05 → 2025-06,7.235
Heavy User,Defecting User,2025-05 → 2025-06,633
Heavy User,Heavy User,2025-05 → 2025-06,21.474
Light User,VIP User,2025-05 → 2025-06,1.603
Heavy User,Suscripción cancelada,2025-05 → 2025-06,3
VIP User,Light User,2025-05 → 2025-06,1.946
Suscripción cancelada,Heavy User,2025-05 → 2025-06,4
VIP User,Defecting User,2025-05 → 2025-06,77
Light User,Light User,2025-05 → 2025-06,57.210
Defecting User,Light User,2025-05 → 2025-06,7.654
Light User,Suscripción cancelada,2025-05 → 2025-06,5
VIP User,VIP User,2025-05 → 2025-06,13.722
VIP User,Heavy User,2025-05 → 2025-06,923
Defecting User,Medium User,2025-05 → 2025-06,4.996
Light User,Defecting User,2025-05 → 2025-06,10.592
Registered Non-Buyer,Medium User,2025-05 → 2025-06,1.825
Suscripción cancelada,Light User,2025-05 → 2025-06,5
Registered Non-Buyer,Light User,2025-05 → 2025-06,2.829
Medium User,Defecting User,2025-05 → 2025-06,4.895
Medium User,Medium User,2025-05 → 2025-06,22.155
Suscripción cancelada,Defecting User,2025-05 → 2025-06,3
Suscripción cancelada,Medium User,2025-05 → 2025-06,1
Light User,Heavy User,2025-05 → 2025-06,8.502
VIP User,Suscripción cancelada,2025-05 → 2025-06,1
Registered Non-Buyer,VIP User,2025-05 → 2025-06,60
Registered Non-Buyer,Heavy User,2025-05 → 2025-06,460
Registered Non-Buyer,Suscripción cancelada,2025-05 → 2025-06,1
Defecting User,VIP User,2025-05 → 2025-06,98
Heavy User,Medium User,2025-05 → 2025-06,5.914
Defecting User,Suscripción cancelada,2025-05 → 2025-06,2
Registered Non-Buyer,Registered Non-Buyer,2025-05 → 2025-06,137.323
VIP User,Medium User,2025-05 → 2025-06,655
Heavy User,Light User,2025-05 → 2025-06,9.281
Defecting User,Heavy User,2025-05 → 2025-06,693
VIP User,Defecting User,2025-04 → 2025-05,61
Suscripción cancelada,Defecting User,2025-04 → 2025-05,2
Medium User,VIP User,2025-04 → 2025-05,1.193
Heavy User,VIP User,2025-04 → 2025-05,1.133
Suscripción cancelada,Suscripción cancelada,2025-04 → 2025-05,53.157
Registered Non-Buyer,VIP User,2025-04 → 2025-05,91
Light User,VIP User,2025-04 → 2025-05,1.856
Light User,Light User,2025-04 → 2025-05,52.911
Registered Non-Buyer,Registered Non-Buyer,2025-04 → 2025-05,129.389
Defecting User,Medium User,2025-04 → 2025-05,5.378
Registered Non-Buyer,Medium User,2025-04 → 2025-05,1.754
Defecting User,Defecting User,2025-04 → 2025-05,117.245
Defecting User,Heavy User,2025-04 → 2025-05,710
Light User,Heavy User,2025-04 → 2025-05,7.778
Light User,Medium User,2025-04 → 2025-05,7.077
Defecting User,Suscripción cancelada,2025-04 → 2025-05,2
Medium User,Heavy User,2025-04 → 2025-05,8.026
Suscripción cancelada,Light User,2025-04 → 2025-05,5
Medium User,Medium User,2025-04 → 2025-05,18.910
Heavy User,Heavy User,2025-04 → 2025-05,19.548
Suscripción cancelada,VIP User,2025-04 → 2025-05,1
VIP User,VIP User,2025-04 → 2025-05,12.746
Light User,Suscripción cancelada,2025-04 → 2025-05,5
Suscripción cancelada,Registered Non-Buyer,2025-04 → 2025-05,1
VIP User,Medium User,2025-04 → 2025-05,632
VIP User,Suscripción cancelada,2025-04 → 2025-05,1
Light User,Defecting User,2025-04 → 2025-05,8.650
Heavy User,Defecting User,2025-04 → 2025-05,500
VIP User,Heavy User,2025-04 → 2025-05,718
Medium User,Defecting User,2025-04 → 2025-05,5.076
Heavy User,Light User,2025-04 → 2025-05,9.137
Registered Non-Buyer,Heavy User,2025-04 → 2025-05,515
Suscripción cancelada,Medium User,2025-04 → 2025-05,2
VIP User,Light User,2025-04 → 2025-05,1.776
Defecting User,VIP User,2025-04 → 2025-05,94
Suscripción cancelada,Heavy User,2025-04 → 2025-05,3
Registered Non-Buyer,Suscripción cancelada,2025-04 → 2025-05,1
Heavy User,Medium User,2025-04 → 2025-05,4.986
Medium User,Suscripción cancelada,2025-04 → 2025-05,1
Defecting User,Light User,2025-04 → 2025-05,7.918
Medium User,Light User,2025-04 → 2025-05,5.735
Registered Non-Buyer,Light User,2025-04 → 2025-05,2.666
Heavy User,Suscripción cancelada,2025-04 → 2025-05,4
VIP User,Suscripción cancelada,2025-03 → 2025-04,1
Heavy User,Light User,2025-03 → 2025-04,8.689
Light User,Light User,2025-03 → 2025-04,48.920
Light User,Defecting User,2025-03 → 2025-04,15.436
Heavy User,Defecting User,2025-03 → 2025-04,2.041
Registered Non-Buyer,Registered Non-Buyer,2025-03 → 2025-04,120.837
Defecting User,Light User,2025-03 → 2025-04,4.794
Defecting User,Medium User,2025-03 → 2025-04,3.229
VIP User,Defecting User,2025-03 → 2025-04,251
Heavy User,VIP User,2025-03 → 2025-04,1.071
Light User,Medium User,2025-03 → 2025-04,6.036
Suscripción cancelada,Medium User,2025-03 → 2025-04,1
Registered Non-Buyer,Heavy User,2025-03 → 2025-04,285
Suscripción cancelada,Heavy User,2025-03 → 2025-04,4
VIP User,Medium User,2025-03 → 2025-04,1.130
Registered Non-Buyer,VIP User,2025-03 → 2025-04,64
Medium User,Medium User,2025-03 → 2025-04,16.476
Registered Non-Buyer,Suscripción cancelada,2025-03 → 2025-04,1
Heavy User,Suscripción cancelada,2025-03 → 2025-04,5
Suscripción cancelada,VIP User,2025-03 → 2025-04,1
Light User,VIP User,2025-03 → 2025-04,2.318
Medium User,Light User,2025-03 → 2025-04,6.959
Suscripción cancelada,Registered Non-Buyer,2025-03 → 2025-04,1
VIP User,VIP User,2025-03 → 2025-04,11.496
Medium User,Defecting User,2025-03 → 2025-04,11.021
Medium User,Heavy User,2025-03 → 2025-04,4.915
Registered Non-Buyer,Medium User,2025-03 → 2025-04,1.205
Heavy User,Heavy User,2025-03 → 2025-04,18.869
VIP User,Heavy User,2025-03 → 2025-04,1.301
Registered Non-Buyer,Light User,2025-03 → 2025-04,1.872
Medium User,VIP User,2025-03 → 2025-04,782
Defecting User,Heavy User,2025-03 → 2025-04,296
Defecting User,Defecting User,2025-03 → 2025-04,102.596
Suscripción cancelada,Suscripción cancelada,2025-03 → 2025-04,51.597
Light User,Suscripción cancelada,2025-03 → 2025-04,6
Defecting User,VIP User,2025-03 → 2025-04,65
Light User,Heavy User,2025-03 → 2025-04,9.085
Heavy User,Medium User,2025-03 → 2025-04,7.714
VIP User,Light User,2025-03 → 2025-04,2.684
Defecting User,Suscripción cancelada,2025-03 → 2025-04,1
Suscripción cancelada,Light User,2025-03 → 2025-04,5
Suscripción cancelada,Defecting User,2025-03 → 2025-04,2
VIP User,Light User,2025-02 → 2025-03,2.980
Suscripción cancelada,Heavy User,2025-02 → 2025-03,5
Suscripción cancelada,Defecting User,2025-02 → 2025-03,1
Light User,Suscripción cancelada,2025-02 → 2025-03,6
Suscripción cancelada,VIP User,2025-02 → 2025-03,1
Defecting User,Suscripción cancelada,2025-02 → 2025-03,1
Defecting User,Heavy User,2025-02 → 2025-03,306
Medium User,Light User,2025-02 → 2025-03,6.974
VIP User,Heavy User,2025-02 → 2025-03,1.429
Heavy User,Suscripción cancelada,2025-02 → 2025-03,3
Heavy User,VIP User,2025-02 → 2025-03,740
Registered Non-Buyer,Light User,2025-02 → 2025-03,1.726
Medium User,Medium User,2025-02 → 2025-03,19.863
Medium User,VIP User,2025-02 → 2025-03,742
Light User,Heavy User,2025-02 → 2025-03,9.093
VIP User,Defecting User,2025-02 → 2025-03,150
Defecting User,VIP User,2025-02 → 2025-03,40
Registered Non-Buyer,VIP User,2025-02 → 2025-03,48
Medium User,Heavy User,2025-02 → 2025-03,5.543
Heavy User,Defecting User,2025-02 → 2025-03,984
Suscripción cancelada,Registered Non-Buyer,2025-02 → 2025-03,1
Light User,Medium User,2025-02 → 2025-03,5.414
Medium User,Defecting User,2025-02 → 2025-03,9.030
Defecting User,Light User,2025-02 → 2025-03,4.049
Registered Non-Buyer,Heavy User,2025-02 → 2025-03,335
Registered Non-Buyer,Medium User,2025-02 → 2025-03,992
Heavy User,Medium User,2025-02 → 2025-03,7.995
Medium User,Suscripción cancelada,2025-02 → 2025-03,2
Light User,Light User,2025-02 → 2025-03,50.823
Heavy User,Heavy User,2025-02 → 2025-03,21.044
Defecting User,Medium User,2025-02 → 2025-03,1.926
Light User,Defecting User,2025-02 → 2025-03,12.294
Suscripción cancelada,Suscripción cancelada,2025-02 → 2025-03,49.960
Defecting User,Defecting User,2025-02 → 2025-03,88.522
Heavy User,Light User,2025-02 → 2025-03,9.328
VIP User,Medium User,2025-02 → 2025-03,1.128
Registered Non-Buyer,Suscripción cancelada,2025-02 → 2025-03,1
VIP User,VIP User,2025-02 → 2025-03,13.802
Light User,VIP User,2025-02 → 2025-03,1.385
Registered Non-Buyer,Registered Non-Buyer,2025-02 → 2025-03,112.008
VIP User,Suscripción cancelada,2025-02 → 2025-03,1
Suscripción cancelada,Light User,2025-02 → 2025-03,6
Heavy User,Light User,2025-01 → 2025-02,8.377
Medium User,Heavy User,2025-01 → 2025-02,6.180
Registered Non-Buyer,Registered Non-Buyer,2025-01 → 2025-02,110.474
Heavy User,VIP User,2025-01 → 2025-02,851
Suscripción cancelada,Heavy User,2025-01 → 2025-02,3
Heavy User,Medium User,2025-01 → 2025-02,6.102
Suscripción cancelada,Defecting User,2025-01 → 2025-02,1
Light User,Light User,2025-01 → 2025-02,55.529
Defecting User,VIP User,2025-01 → 2025-02,30
Heavy User,Defecting User,2025-01 → 2025-02,524
Light User,VIP User,2025-01 → 2025-02,1.526
Suscripción cancelada,Suscripción cancelada,2025-01 → 2025-02,48.597
VIP User,Suscripción cancelada,2025-01 → 2025-02,1
Medium User,Defecting User,2025-01 → 2025-02,5.055
Light User,Heavy User,2025-01 → 2025-02,8.460
Medium User,VIP User,2025-01 → 2025-02,939
Medium User,Light User,2025-01 → 2025-02,5.481
Heavy User,Heavy User,2025-01 → 2025-02,23.651
Suscripción cancelada,Light User,2025-01 → 2025-02,6
Registered Non-Buyer,VIP User,2025-01 → 2025-02,52
VIP User,Defecting User,2025-01 → 2025-02,55
Defecting User,Defecting User,2025-01 → 2025-02,80.864
VIP User,Heavy User,2025-01 → 2025-02,940
Medium User,Medium User,2025-01 → 2025-02,25.148
Light User,Suscripción cancelada,2025-01 → 2025-02,8
Medium User,Suscripción cancelada,2025-01 → 2025-02,1
Defecting User,Medium User,2025-01 → 2025-02,1.949
VIP User,Medium User,2025-01 → 2025-02,881
Registered Non-Buyer,Heavy User,2025-01 → 2025-02,262
Registered Non-Buyer,Medium User,2025-01 → 2025-02,944
VIP User,Light User,2025-01 → 2025-02,1.803
Suscripción cancelada,VIP User,2025-01 → 2025-02,1
Defecting User,Heavy User,2025-01 → 2025-02,223
VIP User,VIP User,2025-01 → 2025-02,15.994
Defecting User,Suscripción cancelada,2025-01 → 2025-02,1
Light User,Defecting User,2025-01 → 2025-02,8.345
Defecting User,Light User,2025-01 → 2025-02,2.967
Suscripción cancelada,Medium User,2025-01 → 2025-02,2
Registered Non-Buyer,Light User,2025-01 → 2025-02,1.675
Registered Non-Buyer,Suscripción cancelada,2025-01 → 2025-02,1
Light User,Medium User,2025-01 → 2025-02,5.027
Heavy User,Suscripción cancelada,2025-01 → 2025-02,2
Suscripción cancelada,Registered Non-Buyer,2025-01 → 2025-02,1
Heavy User,VIP User,2024-12 → 2025-01,1.306
Defecting User,Defecting User,2024-12 → 2025-01,75.842
Medium User,Medium User,2024-12 → 2025-01,20.868
Suscripción cancelada,VIP User,2024-12 → 2025-01,1
Medium User,Heavy User,2024-12 → 2025-01,9.535
Heavy User,Suscripción cancelada,2024-12 → 2025-01,8
Suscripción cancelada,Suscripción cancelada,2024-12 → 2025-01,46.470
Medium User,Light User,2024-12 → 2025-01,4.927
Suscripción cancelada,Medium User,2024-12 → 2025-01,1
Heavy User,Light User,2024-12 → 2025-01,10.436
Medium User,Defecting User,2024-12 → 2025-01,3.522
Suscripción cancelada,Defecting User,2024-12 → 2025-01,1
Registered Non-Buyer,Light User,2024-12 → 2025-01,3.071
VIP User,Heavy User,2024-12 → 2025-01,897
Defecting User,Suscripción cancelada,2024-12 → 2025-01,1
Light User,Defecting User,2024-12 → 2025-01,6.256
Heavy User,Medium User,2024-12 → 2025-01,3.693
Defecting User,VIP User,2024-12 → 2025-01,156
VIP User,Light User,2024-12 → 2025-01,1.793
Light User,Light User,2024-12 → 2025-01,47.388
Medium User,Suscripción cancelada,2024-12 → 2025-01,1
Light User,Suscripción cancelada,2024-12 → 2025-01,2
Registered Non-Buyer,Heavy User,2024-12 → 2025-01,684
VIP User,Defecting User,2024-12 → 2025-01,64
Heavy User,Defecting User,2024-12 → 2025-01,349
Light User,Heavy User,2024-12 → 2025-01,7.516
Defecting User,Heavy User,2024-12 → 2025-01,721
VIP User,Medium User,2024-12 → 2025-01,597
Registered Non-Buyer,VIP User,2024-12 → 2025-01,171
Defecting User,Light User,2024-12 → 2025-01,5.633
Suscripción cancelada,Light User,2024-12 → 2025-01,8
Defecting User,Medium User,2024-12 → 2025-01,4.361
Registered Non-Buyer,Registered Non-Buyer,2024-12 → 2025-01,102.062
Registered Non-Buyer,Medium User,2024-12 → 2025-01,2.110
Medium User,VIP User,2024-12 → 2025-01,1.644
Light User,Medium User,2024-12 → 2025-01,6.645
VIP User,VIP User,2024-12 → 2025-01,13.692
Suscripción cancelada,Heavy User,2024-12 → 2025-01,2
Light User,VIP User,2024-12 → 2025-01,2.330
VIP User,Suscripción cancelada,2024-12 → 2025-01,1
Heavy User,Heavy User,2024-12 → 2025-01,18.782
Suscripción cancelada,Heavy User,2024-11 → 2024-12,8
Registered Non-Buyer,Registered Non-Buyer,2024-11 → 2024-12,96.702
Suscripción cancelada,Defecting User,2024-11 → 2024-12,1
VIP User,Heavy User,2024-11 → 2024-12,889
VIP User,Light User,2024-11 → 2024-12,1.707
Suscripción cancelada,Suscripción cancelada,2024-11 → 2024-12,43.454
Medium User,VIP User,2024-11 → 2024-12,1.768
Registered Non-Buyer,VIP User,2024-11 → 2024-12,163
Light User,VIP User,2024-11 → 2024-12,2.497
Medium User,Defecting User,2024-11 → 2024-12,3.886
Light User,Medium User,2024-11 → 2024-12,6.648
VIP User,VIP User,2024-11 → 2024-12,10.670
Heavy User,Light User,2024-11 → 2024-12,8.719
Suscripción cancelada,VIP User,2024-11 → 2024-12,1
Defecting User,Heavy User,2024-11 → 2024-12,1.241
Registered Non-Buyer,Light User,2024-11 → 2024-12,3.654
Defecting User,Light User,2024-11 → 2024-12,6.909
Heavy User,Defecting User,2024-11 → 2024-12,362
Heavy User,Medium User,2024-11 → 2024-12,3.298
Medium User,Suscripción cancelada,2024-11 → 2024-12,1
Defecting User,Suscripción cancelada,2024-11 → 2024-12,3
Registered Non-Buyer,Medium User,2024-11 → 2024-12,2.892
Heavy User,Suscripción cancelada,2024-11 → 2024-12,3
Heavy User,Heavy User,2024-11 → 2024-12,14.961
VIP User,Medium User,2024-11 → 2024-12,513
VIP User,Defecting User,2024-11 → 2024-12,63
Light User,Suscripción cancelada,2024-11 → 2024-12,6
Suscripción cancelada,Medium User,2024-11 → 2024-12,1
Light User,Defecting User,2024-11 → 2024-12,6.831
Registered Non-Buyer,Heavy User,2024-11 → 2024-12,981
Light User,Light User,2024-11 → 2024-12,38.236
Heavy User,VIP User,2024-11 → 2024-12,1.509
Medium User,Medium User,2024-11 → 2024-12,16.011
Medium User,Light User,2024-11 → 2024-12,4.836
Light User,Heavy User,2024-11 → 2024-12,6.822
Medium User,Heavy User,2024-11 → 2024-12,8.538
Defecting User,VIP User,2024-11 → 2024-12,177
Defecting User,Defecting User,2024-11 → 2024-12,75.571
Defecting User,Medium User,2024-11 → 2024-12,5.896
Suscripción cancelada,Light User,2024-11 → 2024-12,2
VIP User,Light User,2024-10 → 2024-11,2.079
Light User,VIP User,2024-10 → 2024-11,1.430
Heavy User,Heavy User,2024-10 → 2024-11,13.627
Medium User,Medium User,2024-10 → 2024-11,15.893
Defecting User,Light User,2024-10 → 2024-11,5.496
Light User,Suscripción cancelada,2024-10 → 2024-11,3
Heavy User,Light User,2024-10 → 2024-11,7.773
Registered Non-Buyer,Light User,2024-10 → 2024-11,3.056
Heavy User,VIP User,2024-10 → 2024-11,935
Suscripción cancelada,Defecting User,2024-10 → 2024-11,3
Defecting User,VIP User,2024-10 → 2024-11,109
Heavy User,Suscripción cancelada,2024-10 → 2024-11,3
Suscripción cancelada,Heavy User,2024-10 → 2024-11,3
Light User,Light User,2024-10 → 2024-11,33.430
Heavy User,Medium User,2024-10 → 2024-11,2.808
Defecting User,Heavy User,2024-10 → 2024-11,601
VIP User,VIP User,2024-10 → 2024-11,9.790
Heavy User,Defecting User,2024-10 → 2024-11,1.421
Medium User,Light User,2024-10 → 2024-11,3.949
Defecting User,Suscripción cancelada,2024-10 → 2024-11,5
Defecting User,Medium User,2024-10 → 2024-11,4.276
Registered Non-Buyer,VIP User,2024-10 → 2024-11,121
Light User,Defecting User,2024-10 → 2024-11,9.640
VIP User,Defecting User,2024-10 → 2024-11,38
Registered Non-Buyer,Suscripción cancelada,2024-10 → 2024-11,2
Medium User,VIP User,2024-10 → 2024-11,1.264
Defecting User,Defecting User,2024-10 → 2024-11,73.887
VIP User,Heavy User,2024-10 → 2024-11,872
VIP User,Medium User,2024-10 → 2024-11,529
Light User,Heavy User,2024-10 → 2024-11,5.269
Suscripción cancelada,Medium User,2024-10 → 2024-11,1
Registered Non-Buyer,Medium User,2024-10 → 2024-11,2.140
Suscripción cancelada,Suscripción cancelada,2024-10 → 2024-11,40.693
Medium User,Defecting User,2024-10 → 2024-11,4.808
Medium User,Heavy User,2024-10 → 2024-11,6.874
Registered Non-Buyer,Heavy User,2024-10 → 2024-11,699
Registered Non-Buyer,Registered Non-Buyer,2024-10 → 2024-11,91.735
Light User,Medium User,2024-10 → 2024-11,5.429
Suscripción cancelada,Light User,2024-10 → 2024-11,6
Medium User,Suscripción cancelada,2024-09 → 2024-10,1
Medium User,Heavy User,2024-09 → 2024-10,4.999
Heavy User,Suscripción cancelada,2024-09 → 2024-10,1
Suscripción cancelada,Defecting User,2024-09 → 2024-10,5
Defecting User,Light User,2024-09 → 2024-10,3.306
Defecting User,Defecting User,2024-09 → 2024-10,61.174
Registered Non-Buyer,Heavy User,2024-09 → 2024-10,528
Light User,Heavy User,2024-09 → 2024-10,6.749
Defecting User,Medium User,2024-09 → 2024-10,2.269
Medium User,Light User,2024-09 → 2024-10,5.632
Registered Non-Buyer,Medium User,2024-09 → 2024-10,1.617
VIP User,Heavy User,2024-09 → 2024-10,357
Medium User,Medium User,2024-09 → 2024-10,14.596
Medium User,Defecting User,2024-09 → 2024-10,8.136
Suscripción cancelada,Light User,2024-09 → 2024-10,3
VIP User,VIP User,2024-09 → 2024-10,9.585
Light User,Medium User,2024-09 → 2024-10,4.827
Defecting User,Suscripción cancelada,2024-09 → 2024-10,5
Suscripción cancelada,Suscripción cancelada,2024-09 → 2024-10,38.816
Heavy User,VIP User,2024-09 → 2024-10,971
Registered Non-Buyer,Suscripción cancelada,2024-09 → 2024-10,3
Registered Non-Buyer,VIP User,2024-09 → 2024-10,91
Heavy User,Medium User,2024-09 → 2024-10,5.627
Registered Non-Buyer,Registered Non-Buyer,2024-09 → 2024-10,85.722
Light User,VIP User,2024-09 → 2024-10,1.448
Heavy User,Heavy User,2024-09 → 2024-10,12.807
Medium User,VIP User,2024-09 → 2024-10,962
VIP User,Light User,2024-09 → 2024-10,583
Defecting User,Heavy User,2024-09 → 2024-10,316
Heavy User,Light User,2024-09 → 2024-10,7.555
Defecting User,VIP User,2024-09 → 2024-10,69
Light User,Light User,2024-09 → 2024-10,31.126
VIP User,Medium User,2024-09 → 2024-10,690
Suscripción cancelada,Registered Non-Buyer,2024-09 → 2024-10,2
Heavy User,Defecting User,2024-09 → 2024-10,1.722
Suscripción cancelada,Heavy User,2024-09 → 2024-10,3
Light User,Defecting User,2024-09 → 2024-10,13.337
Registered Non-Buyer,Light User,2024-09 → 2024-10,2.393
Light User,Suscripción cancelada,2024-09 → 2024-10,3
VIP User,Light User,2024-08 → 2024-09,270
Defecting User,Light User,2024-08 → 2024-09,3.234
Medium User,Medium User,2024-08 → 2024-09,16.720
Medium User,VIP User,2024-08 → 2024-09,1.078
Heavy User,Medium User,2024-08 → 2024-09,5.007
Defecting User,Medium User,2024-08 → 2024-09,2.222
Heavy User,Heavy User,2024-08 → 2024-09,14.419
VIP User,Heavy User,2024-08 → 2024-09,127
Suscripción cancelada,Light User,2024-08 → 2024-09,3
Suscripción cancelada,Suscripción cancelada,2024-08 → 2024-09,36.412
Suscripción cancelada,Medium User,2024-08 → 2024-09,1
Light User,VIP User,2024-08 → 2024-09,2.037
Heavy User,Light User,2024-08 → 2024-09,6.139
Heavy User,Suscripción cancelada,2024-08 → 2024-09,1
Registered Non-Buyer,Heavy User,2024-08 → 2024-09,670
Suscripción cancelada,Defecting User,2024-08 → 2024-09,5
Light User,Medium User,2024-08 → 2024-09,5.243
Registered Non-Buyer,Registered Non-Buyer,2024-08 → 2024-09,77.976
Registered Non-Buyer,Light User,2024-08 → 2024-09,3.099
Suscripción cancelada,Heavy User,2024-08 → 2024-09,1
Heavy User,Defecting User,2024-08 → 2024-09,607
VIP User,Medium User,2024-08 → 2024-09,188
Medium User,Light User,2024-08 → 2024-09,4.862
Defecting User,Suscripción cancelada,2024-08 → 2024-09,5
Defecting User,VIP User,2024-08 → 2024-09,42
Registered Non-Buyer,Medium User,2024-08 → 2024-09,2.047
Defecting User,Defecting User,2024-08 → 2024-09,52.979
Light User,Heavy User,2024-08 → 2024-09,6.968
Light User,Defecting User,2024-08 → 2024-09,8.858
Heavy User,VIP User,2024-08 → 2024-09,1.364
Suscripción cancelada,Registered Non-Buyer,2024-08 → 2024-09,3
Medium User,Defecting User,2024-08 → 2024-09,4.690
Registered Non-Buyer,VIP User,2024-08 → 2024-09,90
Light User,Suscripción cancelada,2024-08 → 2024-09,2
Light User,Light User,2024-08 → 2024-09,35.764
Defecting User,Heavy User,2024-08 → 2024-09,300
VIP User,VIP User,2024-08 → 2024-09,6.505
Registered Non-Buyer,Suscripción cancelada,2024-08 → 2024-09,5
Medium User,Heavy User,2024-08 → 2024-09,5.640
Registered Non-Buyer,Suscripción cancelada,2024-07 → 2024-08,2
Heavy User,Heavy User,2024-07 → 2024-08,16.135
Defecting User,VIP User,2024-07 → 2024-08,19
Light User,VIP User,2024-07 → 2024-08,4.911
Registered Non-Buyer,Medium User,2024-07 → 2024-08,1.495
Medium User,Heavy User,2024-07 → 2024-08,3.957
Heavy User,Defecting User,2024-07 → 2024-08,541
Registered Non-Buyer,VIP User,2024-07 → 2024-08,56
Defecting User,Suscripción cancelada,2024-07 → 2024-08,5
Medium User,Light User,2024-07 → 2024-08,4.274
Heavy User,Suscripción cancelada,2024-07 → 2024-08,1
Light User,Heavy User,2024-07 → 2024-08,6.474
Registered Non-Buyer,Light User,2024-07 → 2024-08,2.696
Suscripción cancelada,Light User,2024-07 → 2024-08,2
Defecting User,Medium User,2024-07 → 2024-08,1.402
Defecting User,Defecting User,2024-07 → 2024-08,46.168
Heavy User,Medium User,2024-07 → 2024-08,5.587
Light User,Defecting User,2024-07 → 2024-08,7.687
Registered Non-Buyer,Registered Non-Buyer,2024-07 → 2024-08,68.738
Medium User,Medium User,2024-07 → 2024-08,16.968
Medium User,VIP User,2024-07 → 2024-08,509
Registered Non-Buyer,Heavy User,2024-07 → 2024-08,310
Light User,Medium User,2024-07 → 2024-08,3.948
Defecting User,Heavy User,2024-07 → 2024-08,111
Heavy User,Light User,2024-07 → 2024-08,4.939
Defecting User,Light User,2024-07 → 2024-08,2.364
Heavy User,VIP User,2024-07 → 2024-08,1.484
Suscripción cancelada,Suscripción cancelada,2024-07 → 2024-08,33.850
Light User,Light User,2024-07 → 2024-08,38.444
Suscripción cancelada,Registered Non-Buyer,2024-07 → 2024-08,2
Suscripción cancelada,Heavy User,2024-07 → 2024-08,1
Light User,Suscripción cancelada,2024-07 → 2024-08,2
Suscripción cancelada,Defecting User,2024-07 → 2024-08,5
Medium User,Defecting User,2024-07 → 2024-08,4.381
Defecting User,Medium User,2024-06 → 2024-07,2.685
Medium User,Medium User,2024-06 → 2024-07,13.451
Light User,Suscripción cancelada,2024-06 → 2024-07,3
Registered Non-Buyer,Registered Non-Buyer,2024-06 → 2024-07,61.841
Defecting User,Light User,2024-06 → 2024-07,3.926
Medium User,Light User,2024-06 → 2024-07,3.769
Registered Non-Buyer,Suscripción cancelada,2024-06 → 2024-07,2
Light User,Defecting User,2024-06 → 2024-07,5.778
Suscripción cancelada,Defecting User,2024-06 → 2024-07,5
Suscripción cancelada,Suscripción cancelada,2024-06 → 2024-07,31.390
Medium User,Defecting User,2024-06 → 2024-07,3.230
Registered Non-Buyer,Medium User,2024-06 → 2024-07,1.947
Heavy User,Defecting User,2024-06 → 2024-07,315
Suscripción cancelada,Heavy User,2024-06 → 2024-07,1
Medium User,Heavy User,2024-06 → 2024-07,6.400
Registered Non-Buyer,Light User,2024-06 → 2024-07,3.045
Defecting User,Defecting User,2024-06 → 2024-07,40.740
Heavy User,Light User,2024-06 → 2024-07,7.106
Suscripción cancelada,Light User,2024-06 → 2024-07,2
Heavy User,Suscripción cancelada,2024-06 → 2024-07,1
Heavy User,Medium User,2024-06 → 2024-07,3.478
Suscripción cancelada,Registered Non-Buyer,2024-06 → 2024-07,2
Light User,Medium User,2024-06 → 2024-07,4.625
Light User,Heavy User,2024-06 → 2024-07,5.506
Heavy User,Heavy User,2024-06 → 2024-07,14.719
Defecting User,Heavy User,2024-06 → 2024-07,421
Registered Non-Buyer,Heavy User,2024-06 → 2024-07,560
Light User,Light User,2024-06 → 2024-07,37.521
Defecting User,Suscripción cancelada,2024-06 → 2024-07,4
Medium User,Light User,2024-05 → 2024-06,3.053
Registered Non-Buyer,Registered Non-Buyer,2024-05 → 2024-06,57.922
Registered Non-Buyer,Heavy User,2024-05 → 2024-06,638
Suscripción cancelada,Defecting User,2024-05 → 2024-06,4
Medium User,Heavy User,2024-05 → 2024-06,5.949
Defecting User,Heavy User,2024-05 → 2024-06,356
Suscripción cancelada,Registered Non-Buyer,2024-05 → 2024-06,1
Heavy User,Defecting User,2024-05 → 2024-06,325
Light User,Suscripción cancelada,2024-05 → 2024-06,1
Suscripción cancelada,Light User,2024-05 → 2024-06,3
Suscripción cancelada,Suscripción cancelada,2024-05 → 2024-06,29.326
Heavy User,Light User,2024-05 → 2024-06,6.306
Registered Non-Buyer,Medium User,2024-05 → 2024-06,1.683
Suscripción cancelada,Heavy User,2024-05 → 2024-06,1
Defecting User,Medium User,2024-05 → 2024-06,2.211
Registered Non-Buyer,Light User,2024-05 → 2024-06,2.839
Light User,Light User,2024-05 → 2024-06,32.796
Medium User,Medium User,2024-05 → 2024-06,12.614
Medium User,Defecting User,2024-05 → 2024-06,2.570
Defecting User,Light User,2024-05 → 2024-06,3.046
Light User,Defecting User,2024-05 → 2024-06,4.323
Light User,Heavy User,2024-05 → 2024-06,5.104
Defecting User,Defecting User,2024-05 → 2024-06,40.554
Heavy User,Heavy User,2024-05 → 2024-06,12.689
Defecting User,Suscripción cancelada,2024-05 → 2024-06,5
Heavy User,Suscripción cancelada,2024-05 → 2024-06,2
Registered Non-Buyer,Suscripción cancelada,2024-05 → 2024-06,1
Heavy User,Medium User,2024-05 → 2024-06,2.942
Light User,Medium User,2024-05 → 2024-06,4.231
Registered Non-Buyer,Medium User,2024-04 → 2024-05,1.341
Medium User,Heavy User,2024-04 → 2024-05,5.152
Registered Non-Buyer,Suscripción cancelada,2024-04 → 2024-05,1
Heavy User,Suscripción cancelada,2024-04 → 2024-05,2
Registered Non-Buyer,Registered Non-Buyer,2024-04 → 2024-05,54.233
Defecting User,Defecting User,2024-04 → 2024-05,38.760
Defecting User,Suscripción cancelada,2024-04 → 2024-05,5
Light User,Medium User,2024-04 → 2024-05,3.994
Heavy User,Defecting User,2024-04 → 2024-05,333
Light User,Suscripción cancelada,2024-04 → 2024-05,1
Defecting User,Heavy User,2024-04 → 2024-05,417
Medium User,Light User,2024-04 → 2024-05,2.984
Registered Non-Buyer,Heavy User,2024-04 → 2024-05,428
Suscripción cancelada,Defecting User,2024-04 → 2024-05,5
Heavy User,Heavy User,2024-04 → 2024-05,10.747
Suscripción cancelada,Light User,2024-04 → 2024-05,1
Heavy User,Medium User,2024-04 → 2024-05,2.827
Defecting User,Medium User,2024-04 → 2024-05,2.689
Medium User,Medium User,2024-04 → 2024-05,10.309
Light User,Heavy User,2024-04 → 2024-05,4.631
Medium User,Defecting User,2024-04 → 2024-05,2.682
Defecting User,Light User,2024-04 → 2024-05,3.622
Registered Non-Buyer,Light User,2024-04 → 2024-05,1.983
Heavy User,Light User,2024-04 → 2024-05,5.622
Light User,Light User,2024-04 → 2024-05,27.567
Suscripción cancelada,Heavy User,2024-04 → 2024-05,2
Suscripción cancelada,Suscripción cancelada,2024-04 → 2024-05,27.011
Suscripción cancelada,Registered Non-Buyer,2024-04 → 2024-05,1
Light User,Defecting User,2024-04 → 2024-05,4.392
Suscripción cancelada,Light User,2024-03 → 2024-04,1
Registered Non-Buyer,Registered Non-Buyer,2024-03 → 2024-04,50.244
Suscripción cancelada,Registered Non-Buyer,2024-03 → 2024-04,1
Registered Non-Buyer,Medium User,2024-03 → 2024-04,1.073
Medium User,Medium User,2024-03 → 2024-04,9.175
Heavy User,Light User,2024-03 → 2024-04,4.536
Heavy User,Suscripción cancelada,2024-03 → 2024-04,1
Defecting User,Suscripción cancelada,2024-03 → 2024-04,3
Light User,Defecting User,2024-03 → 2024-04,5.287
Light User,Medium User,2024-03 → 2024-04,3.307
Medium User,Heavy User,2024-03 → 2024-04,4.218
Heavy User,Medium User,2024-03 → 2024-04,2.894
Medium User,Defecting User,2024-03 → 2024-04,3.570
Suscripción cancelada,Defecting User,2024-03 → 2024-04,5
Medium User,Suscripción cancelada,2024-03 → 2024-04,1
Light User,Light User,2024-03 → 2024-04,24.220
Suscripción cancelada,Heavy User,2024-03 → 2024-04,2
Registered Non-Buyer,Suscripción cancelada,2024-03 → 2024-04,2
Registered Non-Buyer,Heavy User,2024-03 → 2024-04,259
Light User,Heavy User,2024-03 → 2024-04,4.357
Medium User,Light User,2024-03 → 2024-04,2.822
Registered Non-Buyer,Light User,2024-03 → 2024-04,1.781
Heavy User,Defecting User,2024-03 → 2024-04,459
Defecting User,Defecting User,2024-03 → 2024-04,36.172
Defecting User,Light User,2024-03 → 2024-04,2.657
Defecting User,Heavy User,2024-03 → 2024-04,244
Suscripción cancelada,Suscripción cancelada,2024-03 → 2024-04,25.158
Heavy User,Heavy User,2024-03 → 2024-04,9.663
Light User,Suscripción cancelada,2024-03 → 2024-04,2
Defecting User,Medium User,2024-03 → 2024-04,1.724
Registered Non-Buyer,Registered Non-Buyer,2024-02 → 2024-03,48.214
Heavy User,Light User,2024-02 → 2024-03,4.496
Defecting User,Light User,2024-02 → 2024-03,1.390
Defecting User,Heavy User,2024-02 → 2024-03,156
Suscripción cancelada,Registered Non-Buyer,2024-02 → 2024-03,2
Defecting User,Suscripción cancelada,2024-02 → 2024-03,3
Medium User,Heavy User,2024-02 → 2024-03,3.057
Light User,Defecting User,2024-02 → 2024-03,6.139
Medium User,Defecting User,2024-02 → 2024-03,4.504
Heavy User,Heavy User,2024-02 → 2024-03,9.241
Medium User,Light User,2024-02 → 2024-03,2.685
Registered Non-Buyer,Heavy User,2024-02 → 2024-03,261
Registered Non-Buyer,Medium User,2024-02 → 2024-03,721
Medium User,Suscripción cancelada,2024-02 → 2024-03,1
Suscripción cancelada,Defecting User,2024-02 → 2024-03,3
Defecting User,Medium User,2024-02 → 2024-03,981
Light User,Heavy User,2024-02 → 2024-03,4.111
Registered Non-Buyer,Suscripción cancelada,2024-02 → 2024-03,2
Registered Non-Buyer,Light User,2024-02 → 2024-03,1.040
Defecting User,Defecting User,2024-02 → 2024-03,29.483
Heavy User,Defecting User,2024-02 → 2024-03,671
Light User,Medium User,2024-02 → 2024-03,2.518
Heavy User,Suscripción cancelada,2024-02 → 2024-03,1
Light User,Suscripción cancelada,2024-02 → 2024-03,2
Suscripción cancelada,Suscripción cancelada,2024-02 → 2024-03,23.729
Heavy User,Medium User,2024-02 → 2024-03,3.374
Suscripción cancelada,Light User,2024-02 → 2024-03,2
Suscripción cancelada,Medium User,2024-02 → 2024-03,1
Suscripción cancelada,Heavy User,2024-02 → 2024-03,1
Light User,Light User,2024-02 → 2024-03,24.043
Medium User,Medium User,2024-02 → 2024-03,9.777
Heavy User,Light User,2024-01 → 2024-02,4.697
Light User,Heavy User,2024-01 → 2024-02,3.476
Registered Non-Buyer,Medium User,2024-01 → 2024-02,937
Medium User,Medium User,2024-01 → 2024-02,10.871
Suscripción cancelada,Registered Non-Buyer,2024-01 → 2024-02,2
Suscripción cancelada,Defecting User,2024-01 → 2024-02,3
Defecting User,Suscripción cancelada,2024-01 → 2024-02,3
Heavy User,Heavy User,2024-01 → 2024-02,9.389
Heavy User,Defecting User,2024-01 → 2024-02,288
Suscripción cancelada,Suscripción cancelada,2024-01 → 2024-02,22.101
Defecting User,Medium User,2024-01 → 2024-02,1.049
Medium User,Light User,2024-01 → 2024-02,2.449
Registered Non-Buyer,Registered Non-Buyer,2024-01 → 2024-02,45.850
Defecting User,Light User,2024-01 → 2024-02,1.446
Light User,Medium User,2024-01 → 2024-02,2.589
Medium User,Suscripción cancelada,2024-01 → 2024-02,1
Suscripción cancelada,Heavy User,2024-01 → 2024-02,1
Light User,Suscripción cancelada,2024-01 → 2024-02,3
Medium User,Heavy User,2024-01 → 2024-02,3.767
Suscripción cancelada,Light User,2024-01 → 2024-02,2
Light User,Light User,2024-01 → 2024-02,23.834
Suscripción cancelada,Medium User,2024-01 → 2024-02,1
Heavy User,Medium User,2024-01 → 2024-02,2.416
Defecting User,Defecting User,2024-01 → 2024-02,23.946
Defecting User,Heavy User,2024-01 → 2024-02,205
Light User,Defecting User,2024-01 → 2024-02,4.955
Registered Non-Buyer,Heavy User,2024-01 → 2024-02,336
Registered Non-Buyer,Suscripción cancelada,2024-01 → 2024-02,2
Medium User,Defecting User,2024-01 → 2024-02,2.821
Registered Non-Buyer,Light User,2024-01 → 2024-02,1.272
Light User,Suscripción cancelada,2023-12 → 2024-01,1
Registered Non-Buyer,Registered Non-Buyer,2023-12 → 2024-01,42.469
Heavy User,Heavy User,2023-12 → 2024-01,8.952
Registered Non-Buyer,Medium User,2023-12 → 2024-01,1.000
Medium User,Light User,2023-12 → 2024-01,2.309
Registered Non-Buyer,Heavy User,2023-12 → 2024-01,263
Suscripción cancelada,Medium User,2023-12 → 2024-01,1
Heavy User,Medium User,2023-12 → 2024-01,2.508
Defecting User,Defecting User,2023-12 → 2024-01,18.013
Registered Non-Buyer,Suscripción cancelada,2023-12 → 2024-01,2
Defecting User,Suscripción cancelada,2023-12 → 2024-01,4
Medium User,Defecting User,2023-12 → 2024-01,2.909
Defecting User,Heavy User,2023-12 → 2024-01,124
Suscripción cancelada,Suscripción cancelada,2023-12 → 2024-01,20.223
Suscripción cancelada,Registered Non-Buyer,2023-12 → 2024-01,1
Medium User,Medium User,2023-12 → 2024-01,10.435
Suscripción cancelada,Light User,2023-12 → 2024-01,3
Light User,Defecting User,2023-12 → 2024-01,5.310
Light User,Medium User,2023-12 → 2024-01,2.286
Light User,Light User,2023-12 → 2024-01,22.116
Heavy User,Suscripción cancelada,2023-12 → 2024-01,1
Medium User,Heavy User,2023-12 → 2024-01,3.365
Registered Non-Buyer,Light User,2023-12 → 2024-01,1.308
Heavy User,Light User,2023-12 → 2024-01,4.168
Light User,Heavy User,2023-12 → 2024-01,3.300
Heavy User,Defecting User,2023-12 → 2024-01,414
Defecting User,Light User,2023-12 → 2024-01,1.081
Defecting User,Medium User,2023-12 → 2024-01,888
Suscripción cancelada,Defecting User,2023-12 → 2024-01,3
Heavy User,Medium User,2023-11 → 2023-12,3.094
Medium User,Light User,2023-11 → 2023-12,2.740
Light User,Medium User,2023-11 → 2023-12,2.716
Light User,Light User,2023-11 → 2023-12,19.395
Heavy User,Defecting User,2023-11 → 2023-12,645
Registered Non-Buyer,Suscripción cancelada,2023-11 → 2023-12,1
Suscripción cancelada,Heavy User,2023-11 → 2023-12,1
Suscripción cancelada,Registered Non-Buyer,2023-11 → 2023-12,1
Medium User,Medium User,2023-11 → 2023-12,7.718
Defecting User,Defecting User,2023-11 → 2023-12,8.221
Heavy User,Suscripción cancelada,2023-11 → 2023-12,2
Heavy User,Heavy User,2023-11 → 2023-12,7.478
Registered Non-Buyer,Registered Non-Buyer,2023-11 → 2023-12,39.340
Registered Non-Buyer,Heavy User,2023-11 → 2023-12,438
Light User,Suscripción cancelada,2023-11 → 2023-12,2
Heavy User,Light User,2023-11 → 2023-12,4.314
Suscripción cancelada,Defecting User,2023-11 → 2023-12,4
Registered Non-Buyer,Light User,2023-11 → 2023-12,1.510
Defecting User,Light User,2023-11 → 2023-12,633
Medium User,Heavy User,2023-11 → 2023-12,3.231
Defecting User,Heavy User,2023-11 → 2023-12,95
Registered Non-Buyer,Medium User,2023-11 → 2023-12,1.274
Suscripción cancelada,Light User,2023-11 → 2023-12,1
Suscripción cancelada,Suscripción cancelada,2023-11 → 2023-12,18.457
Light User,Defecting User,2023-11 → 2023-12,7.148
Defecting User,Medium User,2023-11 → 2023-12,575
Defecting User,Suscripción cancelada,2023-11 → 2023-12,2
Medium User,Defecting User,2023-11 → 2023-12,4.092
Light User,Heavy User,2023-11 → 2023-12,3.890
Heavy User,Heavy User,2023-10 → 2023-11,8.445
Light User,Light User,2023-10 → 2023-11,20.207
Registered Non-Buyer,Registered Non-Buyer,2023-10 → 2023-11,35.932
Suscripción cancelada,Registered Non-Buyer,2023-10 → 2023-11,1
Heavy User,Medium User,2023-10 → 2023-11,3.035
Registered Non-Buyer,Suscripción cancelada,2023-10 → 2023-11,1
Light User,Defecting User,2023-10 → 2023-11,5.831
Heavy User,Suscripción cancelada,2023-10 → 2023-11,2
Suscripción cancelada,Defecting User,2023-10 → 2023-11,2
Heavy User,Defecting User,2023-10 → 2023-11,482
Medium User,Heavy User,2023-10 → 2023-11,2.747
Heavy User,Light User,2023-10 → 2023-11,4.115
Light User,Heavy User,2023-10 → 2023-11,3.333
Registered Non-Buyer,Heavy User,2023-10 → 2023-11,306
Registered Non-Buyer,Medium User,2023-10 → 2023-11,861
Light User,Suscripción cancelada,2023-10 → 2023-11,2
Medium User,Suscripción cancelada,2023-10 → 2023-11,2
Medium User,Defecting User,2023-10 → 2023-11,3.203
Medium User,Light User,2023-10 → 2023-11,2.759
Light User,Medium User,2023-10 → 2023-11,2.251
Suscripción cancelada,Suscripción cancelada,2023-10 → 2023-11,16.617
Defecting User,Defecting User,2023-10 → 2023-11,8
Suscripción cancelada,Heavy User,2023-10 → 2023-11,2
Registered Non-Buyer,Light User,2023-10 → 2023-11,1.356
Suscripción cancelada,Light User,2023-10 → 2023-11,2
Medium User,Medium User,2023-10 → 2023-11,8.684
